mutation,proportion,count,jaccard
"C21T",0.4090909090909091,9,0.00008101101749837978
"C44T",0.8148148148148148,22,0.000054718473454078765
"G204T",0.00819672131147541,1,0.000013814444383046915
"C222T",0.10833333333333334,13,0.0002649060602355626
"C241T",1,121,0.000013994854288699965
"A361G",0.0078125,1,0.00033003300330033004
"A405G",0.017543859649122806,2,0.00000535696110310543
"C449T",0.017857142857142856,2,0.0002486634340420241
"G463A",0.008849557522123894,1,0.0003650967506389193
"A468G",0.008928571428571428,1,0.0038910505836575876
"G470A",0.008928571428571428,1,0.0026109660574412533
"G509-",0.07339449541284404,8,0.00008083910996139932
"G510-",0.10091743119266056,11,0.00007214344740742684
"T511-",0.10091743119266056,11,0.0000722310869465293
"C512-",0.10091743119266056,11,0.00007247713675776823
"A513-",0.10091743119266056,11,0.00007140307033202428
"T514-",0.10091743119266056,11,0.00007150239533024356
"G515-",0.10091743119266056,11,0.00004511894995898277
"T516-",0.11009174311926606,12,0.000046127943539397107
"T517-",0.11009174311926606,12,0.000046223358974457745
"A518-",0.11009174311926606,12,0.00004379258372594601
"T519-",0.07339449541284404,8,0.000037898706232915975
"G520-",0.07339449541284404,8,0.00003817996124733934
"G521-",0.06306306306306306,7,0.000059824969232872965
"T522-",0.06306306306306306,7,0.00006093951318034614
"T523-",0.0625,7,0.00006118453255017132
"C622T",0.017857142857142856,2,0.0008087343307723412
"C635T",0.017699115044247787,2,0.00011908306043465317
"G659A",0.008695652173913044,1,0.0017391304347826088
"G659T",0.008695652173913044,1,0.004424778761061947
"T670G",1,126,0.00003980210142459934
"A686-",0.0234375,3,0.000017016545754655444
"A687-",0.0234375,3,0.000017021083448698454
"G688-",0.0234375,3,0.000017022821929934064
"T689-",0.0234375,3,0.00001702494722266361
"C690-",0.0234375,3,0.00001702562356346301
"A691-",0.0234375,3,0.000017024657378770253
"T692-",0.0234375,3,0.00001705378764623623
"T693-",0.0234375,3,0.000017067176406335334
"T694-",0.023622047244094488,3,0.00001718193376937263
"C897A",1,110,0.00040798463010629853
"C1102T",0.016129032258064516,2,0.00020738282870178348
"G1172A",0.015503875968992248,2,0.0013333333333333333
"A1180T",0.0078125,1,0.0031446540880503146
"C1191T",0.015625,2,0.000027297046459573073
"C1218T",0.008,1,0.00008798944126704795
"C1267T",0.14285714285714285,18,0.00029552282913855094
"C1404T",0.01680672268907563,2,0.0003757985719654265
"C1469T",0.008333333333333333,1,0.0003633720930232558
"C1593T",0.008130081300813009,1,0.00004929508035098097
"C1594T",0.056451612903225805,7,0.0002974293605268749
"T1660A",0.0078125,1,0.007407407407407408
"C1758T",0.007936507936507936,1,0.00003003453972067878
"C1860T",0.015873015873015872,2,0.0035778175313059034
"C1909T",0.0078125,1,0.00012653422750854106
"C1960T",0.08064516129032258,10,0.001936108422071636
"A2127G",0.008,1,0.00031655587211142766
"C2137T",0.015625,2,0.0006289308176100629
"C2227T",0.007692307692307693,1,0.00034928396786587494
"G2305T",0.007874015748031496,1,0.0001362583458236817
"C2338T",0.0078125,1,0.00007903264048051846
"T2506C",0.0078125,1,0.0016611295681063123
"C2508T",0.0234375,3,0.0003718393653941497
"C2523T",0.007751937984496124,1,0.00012376237623762376
"C2790T",1,121,0.000038410369402998106
"G2890T",0.0078125,1,0.0006112469437652812
"G2891A",0.0078125,1,0.0003852080123266564
"C2939T",0.0078125,1,0.0001350438892640108
"C2942T",0.0078125,1,0.0002328830926874709
"C3037T",1,128,0.000013856138426286913
"G3155A",0.015625,2,0.0032679738562091504
"T3282C",0.00819672131147541,1,0.004016064257028112
"G3431T",1,103,0.0004176838417180999
"G3434A",0.01652892561983471,2,0.0026702269692923898
"T3454C",0.08264462809917356,10,0.023474178403755867
"A3542G",0.015384615384615385,2,0.0008285004142502071
"T3565C",0.009009009009009009,1,0.000003835046960150027
"C3653T",0.038461538461538464,5,0.00023143862247731903
"C3775T",0.015384615384615385,2,0.0007032348804500703
"G3800A",0.007692307692307693,1,0.0027100271002710027
"C4009T",0.007751937984496124,1,0.00018162005085361425
"G4148T",0.007692307692307693,1,0.0002463054187192118
"G4184A",1,130,0.000040620074815928566
"G4255A",0.0078125,1,0.000034389078028818045
"C4321T",1,129,0.00004056659903470363
"G4442A",0.023809523809523808,3,0.0045385779122541605
"C4456T",0.007936507936507936,1,0.00003614544928793465
"G4678A",0.047244094488188976,6,0.009104704097116844
"C4893T",0.015503875968992248,2,0.0000666289102841723
"T5098C",0.007874015748031496,1,0.0010845986984815619
"T5120C",0.007936507936507936,1,0.003787878787878788
"T5165C",0.008,1,0.003105590062111801
"G5300A",0.015748031496062992,2,0.002570694087403599
"A5353G",0.008,1,0.0010090817356205853
"A5383G",0.007936507936507936,1,0.001949317738791423
"A5391G",0.015873015873015872,2,0.004310344827586207
"G5425T",0.007936507936507936,1,0.000423908435777872
"C5512T",0.015873015873015872,2,0.000038005472788081484
"C5575T",0.016,2,0.0002212634140944795
"A5648C",0.015873015873015872,2,0.00006033910577445242
"C5672T",0.015873015873015872,2,0.00010664960273022984
"A5829G",0.008,1,0.0018796992481203006
"G5837A",0.015873015873015872,2,0.004484304932735426
"C5869T",0.016129032258064516,2,0.00005762692329856509
"C5901T",0.007874015748031496,1,0.0016155088852988692
"G6032A",0.015625,2,0.0005012531328320802
"T6085C",0.007874015748031496,1,0.0015503875968992248
"C6113T",0.0078125,1,0.00044033465433729633
"C6117T",0.0234375,3,0.004037685060565276
"A6183G",0.12264150943396226,13,0.000047771987976158106
"C6196T",0.0078125,1,0.00003092337188447028
"C6318T",0.007751937984496124,1,0.00024993751562109475
"C6385T",0.007692307692307693,1,0.0005221932114882506
"T6394C",0.007692307692307693,1,0.0004063388866314506
"C6449T",0.007751937984496124,1,0.00008362602441879912
"C6525T",0.0078125,1,0.0000683433570256971
"T6631A",0.008130081300813009,1,0.0038910505836575876
"T6634C",0.008130081300813009,1,0.0005232862375719519
"C6651T",0.008064516129032258,1,0.0001725625539257981
"C6781T",0.007936507936507936,1,0.0000727431439586819
"G6877A",0.007692307692307693,1,0.002506265664160401
"G7042T",0.007692307692307693,1,0.00001816860465116279
"T7168C",0.007751937984496124,1,0.00048192771084337347
"G7214A",0.008,1,0.00211864406779661
"C7296T",0.00819672131147541,1,0.00041981528127623844
"C7401T",0.016260162601626018,2,0.0008130081300813008
"C7528T",0.009259259259259259,1,0.00001405639425374603
"C7765T",0.03636363636363636,4,0.00023453532688361186
"A7782G",0.008620689655172414,1,0.0009398496240601503
"C7834G",0.007692307692307693,1,0.007407407407407408
"A7842G",1,112,0.00040787192821454063
"C7945T",0.007692307692307693,1,0.00006809206046574969
"C7948T",0.007692307692307693,1,0.0002671653753673524
"G8027T",0.007692307692307693,1,0.0006305170239596469
"A8066G",0.007692307692307693,1,0.0064516129032258064
"T8234C",0.007692307692307693,1,0.002127659574468085
"C8293T",1,113,0.00039414571532215306
"C8316T",0.015384615384615385,2,0.0007099751508697196
"G8393A",1,113,0.00005872033324048938
"G8666A",0.015503875968992248,2,0.006622516556291391
"A8680T",0.007751937984496124,1,0.007246376811594203
"G8851A",0.007874015748031496,1,0.0013717421124828531
"G8872T",0.007874015748031496,1,0.0005099439061703213
"T8875A",0.007874015748031496,1,0.0011086474501108647
"C9050T",0.03076923076923077,4,0.0016366612111292963
"C9120T",0.007874015748031496,1,0.00015832805573147562
"A9301G",0.007936507936507936,1,0.0009523809523809524
"C9319T",0.007936507936507936,1,0.0001052299273913501
"C9344T",1,130,0.00004105742449302766
"A9419G",0.007874015748031496,1,0.0003058103975535168
"A9424G",1,127,0.00004072093367008797
"C9534T",1,127,0.0000401067787719557
"C9661T",0.015503875968992248,2,0.00033732501264968796
"C9810T",0.015625,2,0.0013377926421404682
"A10024G",0.007936507936507936,1,0.0010548523206751054
"C10029T",1,126,0.000016360238958169596
"C10030T",0.007936507936507936,1,0.00008795074758135444
"C10116T",0.015873015873015872,2,0.00016920473773265651
"C10125T",0.015873015873015872,2,0.00040257648953301127
"T10162C",0.008064516129032258,1,0.004310344827586207
"C10198T",1,125,0.00003981265755859229
"A10323G",0.0078125,1,0.000009018840357506832
"C10335T",0.0390625,5,0.0015683814303638645
"G10447A",1,130,0.000040553486461218546
"C10449A",1,130,0.00002694311686266057
"C10726A",0.007874015748031496,1,0.0016129032258064516
"C10765T",0.0078125,1,0.0003439972480220158
"C10834T",0.0078125,1,0.00008504124500382685
"C11008T",0.024193548387096774,3,0.0008234971177600879
"G11042T",1,107,0.00038755197542848037
"G11083T",0.008064516129032258,1,0.000006239003755880261
"C11109T",0.008064516129032258,1,0.00008005123278898494
"C11139T",0.008064516129032258,1,0.00040290088638195
"G11273T",0.007692307692307693,1,0.0007763975155279503
"T11285-",0.023076923076923078,3,0.0000018430937434339784
"T11286-",0.023076923076923078,3,0.000001844863009697215
"G11287-",0.023076923076923078,3,0.0000018449503708350244
"T11288-",1,126,0.000022671285611236752
"C11289-",1,126,0.000022696012490732462
"T11290-",1,124,0.00002249425353454564
"G11291-",1,124,0.00002251521456545545
"G11292-",1,124,0.000022572270402692943
"T11293-",1,124,0.000022583970480565038
"T11294-",1,121,0.00003107374956406868
"T11295-",1,120,0.00003085957018276323
"T11296-",1,120,0.00003087912879684621
"G11417T",0.031007751937984496,4,0.00011373006169855848
"C11471T",0.007751937984496124,1,0.00016758840288252054
"A11600G",0.008620689655172414,1,0.0004926108374384236
"G11634T",0.008695652173913044,1,0.0001760253476500616
"C11962T",0.007751937984496124,1,0.0000995123892924669
"G12019A",0.015503875968992248,2,0.0016025641025641025
"T12190C",0.0078125,1,0.002109704641350211
"C12501T",0.007751937984496124,1,0.00046904315196998124
"C12513T",0.007751937984496124,1,0.000031191515907673116
"A12557G",0.015503875968992248,2,0.001718213058419244
"C12559T",0.023255813953488372,3,0.0007403751233958539
"C12676T",0.007751937984496124,1,0.0001936108422071636
"T12736C",0.007751937984496124,1,0.0016501650165016502
"C12754T",0.007751937984496124,1,0.00013340448239060833
"C12789T",0.9922480620155039,128,0.0002947013616123848
"C12815T",0.16666666666666666,18,0.00006442584048877738
"C12880T",1,130,0.000040292149074752786
"C12885T",0.007692307692307693,1,0.00018635855385762206
"A13117G",0.007692307692307693,1,0.0033003300330033004
"C13255T",0.01652892561983471,2,0.00037593984962406017
"T13258C",0.008264462809917356,1,0.0011806375442739079
"G13260T",0.008264462809917356,1,0.007246376811594203
"T13339C",1,103,0.0003870623471009782
"C13384T",0.049586776859504134,6,0.0013443871835088505
"G13427A",0.05,6,0.0007105637138796779
"C13517T",0.046875,6,0.0004923278903749898
"T13560C",0.03076923076923077,4,0.0024600246002460025
"A13623G",0.007751937984496124,1,0.0010695187165775401
"C13730T",0.007692307692307693,1,0.0000970873786407767
"T13972C",0.007692307692307693,1,0.00411522633744856
"G14035T",0.007692307692307693,1,0.0029940119760479044
"C14403T",0.007692307692307693,1,0.0002907822041291073
"C14408T",1,130,0.000014049095103187902
"A14634G",0.015873015873015872,2,0.00033383408446002337
"G14718A",0.007936507936507936,1,0.0006738544474393531
"C14790T",0.007692307692307693,1,0.0001157273463719477
"C14898T",0.007692307692307693,1,0.00023969319271332693
"C14937T",0.023076923076923078,3,0.000434593654932638
"T15009C",0.007692307692307693,1,0.0000059076166901986734
"T15453C",0.0078125,1,0.001639344262295082
"C15714T",1,130,0.00004040936552322668
"C15720T",0.015503875968992248,2,0.000021367977948246757
"T15756A",1,112,0.00041028496488766615
"C15952T",0.007874015748031496,1,0.00008713078330574191
"C16173T",0.007751937984496124,1,0.00009889240506329114
"G16221T",0.007751937984496124,1,0.0012531328320802004
"T16314C",0.007751937984496124,1,0.002421307506053269
"A16431G",0.024,3,0.002004008016032064
"G16564T",0.008130081300813009,1,0.0014326647564469914
"A16687G",0.007751937984496124,1,0.0002644802962179318
"T16782C",0.015503875968992248,2,0.005681818181818182
"C16887T",0.023255813953488372,3,0.000030197187635258238
"T17067C",0.015384615384615385,2,0.0009049773755656109
"T17088A",0.007692307692307693,1,0.002304147465437788
"G17211A",0.015503875968992248,2,0.004338394793926247
"C17288T",0.007692307692307693,1,0.00011039964672113049
"C17304T",0.015384615384615385,2,0.00008184310676433278
"C17410T",1,130,0.00004037889066141865
"C17762T",0.015625,2,0.00018170255292086854
"A17799G",0.0078125,1,0.00023380874444704232
"C17977T",0.03125,4,0.0002850017812611329
"T18012C",0.007874015748031496,1,0.0008410428931875525
"A18163G",1,127,0.00002700018198547858
"C18201T",0.007874015748031496,1,0.0019267822736030828
"G18462A",0.0078125,1,0.00041407867494824016
"A18492G",1,126,0.00036746371295834536
"A18618G",0.007751937984496124,1,0.0009505703422053232
"G18651T",0.007692307692307693,1,0.00015780337699226762
"C18744T",0.007692307692307693,1,0.0000070491537490924215
"A18760G",0.007692307692307693,1,0.0015552099533437014
"C18795T",0.03076923076923077,4,0.0014754703061600886
"C18877T",0.0390625,5,0.00009367857009030615
"T18954C",0.007874015748031496,1,0.0045045045045045045
"A19167G",0.007751937984496124,1,0.0002744990392533626
"C19269T",0.007751937984496124,1,0.00004982064567556796
"C19545T",0.007692307692307693,1,0.0005537098560354374
"C19868T",0.041666666666666664,5,0.002871912693854107
"C19955T",1,119,0.00003989886475994798
"A20055G",0.992,124,0.00004191216831926797
"C20178T",0.007936507936507936,1,0.00002508969566199162
"A20374G",0.015748031496062992,2,0.0012202562538133007
"C20436T",0.015748031496062992,2,0.0001923631816870251
"G20487A",0.0078125,1,0.002564102564102564
"C20844T",0.03418803418803419,4,0.0002639567110993797
"T21348C",0.008771929824561403,1,0.004201680672268907
"C21364T",0.008620689655172414,1,0.00008270614506657845
"G21375A",0.034482758620689655,4,0.0040609137055837565
"T21414C",0.008620689655172414,1,0.00267379679144385
"T21570G",0.007874015748031496,1,0.000024883049666567136
"T21610C",0.05084745762711865,6,0.0009621552277100705
"C21614A",0.008849557522123894,1,0.0031645569620253164
"C21618T",0.9911504424778761,112,0.000035597447535877936
"C21622T",0.8910891089108911,90,0.0003149716525512704
"G21624C",0.8910891089108911,90,0.00035642152786028277
"T21632-",0.02608695652173913,3,0.0004780114722753346
"T21632C",0.017391304347826087,2,0.0036968576709796672
"T21633-",0.9819819819819819,109,0.000035178459680482766
"A21634-",0.9819819819819819,109,0.00003517802825537958
"C21635-",0.9819819819819819,109,0.000035128586741504524
"C21636-",0.9819819819819819,109,0.00003512892638266165
"C21637-",0.9819819819819819,109,0.000035129650972414525
"C21637T",0.018018018018018018,2,0.00019577133907595928
"C21638-",0.9819819819819819,109,0.00003513081717181451
"C21639-",0.9819819819819819,109,0.00003513077188107235
"C21639A",0.018018018018018018,2,0.0020768431983385254
"T21640-",0.9819819819819819,109,0.00003514104454659348
"T21640A",0.018018018018018018,2,0.0015600624024961
"G21641-",0.954954954954955,106,0.00003424320102858823
"G21641T",0.036036036036036036,4,0.00020740433475059628
"G21666T",0.007751937984496124,1,0.001358695652173913
"C21711T",0.9537037037037037,103,0.0003833570915479066
"G21718T",0.009009009009009009,1,0.00001469702091386076
"G21746T",0.00819672131147541,1,0.0015822784810126582
"A21764-",0.01639344262295082,2,0.00021103724807428512
"T21765-",0.8839285714285714,99,0.000027489973795668414
"A21766-",0.9,99,0.000027478780275231905
"C21767-",0.9,99,0.000027407992890532752
"A21768-",0.8818181818181818,97,0.000026895889892108664
"T21769-",0.8899082568807339,97,0.00002689756050218023
"G21770-",0.8981481481481481,97,0.000027152386470833577
"T21810C",0.018867924528301886,2,0.000005437471793115073
"C21844T",0.00819672131147541,1,0.000664451827242525
"A21865T",0.040983606557377046,5,0.008156606851549755
"G21941T",1,111,0.00039329206719270957
"G21987A",1,126,0.000024483714249405103
"T21992-",0.9833333333333333,118,0.000040387791249882345
"A21993-",0.9833333333333333,118,0.00004038429420574361
"T21994-",0.9291338582677166,118,0.000040473012903688294
"T21995-",0.015873015873015872,2,0.000001292800587448587
"A21996-",0.015873015873015872,2,0.00019098548510313216
"C21997-",0.015748031496062992,2,0.00022009464069549907
"A22005C",0.007936507936507936,1,0.00015051173991571343
"G22021T",0.015748031496062992,2,0.00017295053614666206
"T22032C",0.9915966386554622,118,0.00040001084775180345
"C22033A",0.9919354838709677,123,0.00032309923086622114
"A22034G",1,121,0.00042591086847097997
"A22151G",0.015873015873015872,2,0.0015698587127158557
"A22194-",1,122,0.00007244548032244178
"T22195-",1,122,0.00007244431882150907
"T22196-",1,122,0.00007221618447565131
"T22200G",1,117,0.000041692026346509914
"C22208T",1,117,0.0004045237510761369
"G22273T",0.0078125,1,0.0016863406408094434
"C22295A",1,117,0.0004158122376740103
"C22323T",0.0078125,1,0.00009825112988799372
"G22349A",0.007874015748031496,1,0.001004016064257028
"C22353A",0.9914529914529915,116,0.000419721102563917
"A22411G",0.015748031496062992,2,0.0030120481927710845
"C22480T",0.01680672268907563,2,0.000025815112166662364
"A22556G",0.9743589743589743,114,0.0004117634310729688
"G22577C",1,130,0.0001850481125092524
"G22578A",1,130,0.000027911232832713166
"T22579C",0.007692307692307693,1,0.0011173184357541898
"A22629C",1,114,0.0003788180875667916
"C22674T",1,129,0.000028731273724181108
"T22679C",1,130,0.000028630672038955333
"C22686T",1,130,0.00002868624289436247
"A22688G",1,128,0.00004141297177220665
"C22716T",0.007692307692307693,1,0.0003572704537334762
"G22770A",0.9901960784313726,101,0.0004139055885450604
"G22775A",1,130,0.00004143769682905994
"A22786C",0.9606299212598425,122,0.00004062595945529246
"G22813T",0.9841269841269841,124,0.000030370860041524802
"C22858T",0.03937007874015748,5,0.00022528611336397223
"C22879T",0.0078125,1,0.00006028817748839453
"T22882G",1,128,0.00003163742717521524
"A22893C",0.0078125,1,0.000004261230472911358
"G22895C",0.9922480620155039,128,0.00020226505254940878
"T22896A",0.9652173913043478,111,0.0004999909911533126
"T22896C",0.02608695652173913,3,0.000007987539438475978
"G22898A",0.9922480620155039,128,0.000069134703568755
"A22910G",0.9821428571428571,110,0.00037981195855215684
"C22916A",0.017241379310344827,2,0.00015160703456640388
"C22916T",0.9568965517241379,111,0.00040333276406486753
"T22917G",0.9743589743589743,114,0.00002581697710826757
"G22927T",0.032,4,0.00013129390139828004
"T22929C",0.0078125,1,0.0070921985815602835
"T22930A",0.00847457627118644,1,0.00001152432208175354
"T22942A",0.9911504424778761,112,0.0002338663537312124
"T22942G",0.008849557522123894,1,0.000002270802251727513
"A22991G",0.0234375,3,0.002380952380952381
"G22992A",1,128,0.00002757957947605263
"A22994G",0.0078125,1,0.0006854009595613434
"C22995A",0.984,123,0.000016431989797738236
"C22995G",0.016,2,0.000027778163585605356
"T23005A",0.9385964912280702,107,0.00038577047738195245
"G23009-",0.8888888888888888,104,0.000413310177365704
"T23010-",0.8888888888888888,104,0.00041340218069650317
"T23011-",0.8125,104,0.00041347449776763526
"G23012A",0.8706896551724138,101,0.00027538219504148455
"A23013C",0.1111111111111111,13,0.000003011540222131207
"T23018C",1,128,0.00020129679167511956
"T23019C",1,128,0.0001865032820206465
"A23022C",0.0234375,3,0.01276595744680851
"T23027C",0.0078125,1,0.003134796238244514
"T23031C",0.008849557522123894,1,0.000002475069858846766
"A23055G",1,128,0.000028208645244551323
"C23061A",0.015625,2,0.008620689655172414
"A23063T",1,128,0.000024275660748399656
"T23075C",1,128,0.00002811910638358635
"G23222A",1,115,0.0003973931012557622
"C23271T",1,115,0.00040190538098882706
"C23277T",0.007751937984496124,1,0.000014217874712088038
"T23278C",0.015503875968992248,2,0.000547645125958379
"A23403G",1,130,0.000014023531269723961
"G23405T",0.015384615384615385,2,0.003305785123966942
"C23422T",0.007692307692307693,1,0.00017179178835251675
"C23423T",1,113,0.0003907208973441352
"A23440T",0.015384615384615385,2,0.006802721088435374
"C23525T",1,119,0.000024439423295329687
"C23557T",0.06779661016949153,8,0.00024364245469773107
"A23570G",0.01680672268907563,2,0.0006978367062107466
"T23599G",0.984375,126,0.000026050512771263885
"C23604A",0.008928571428571428,1,1.896770539511722e-7
"C23604G",0.9821428571428571,110,0.000033113529736702284
"G23619A",0.015873015873015872,2,0.013422818791946308
"C23673T",0.007936507936507936,1,0.000005102066847279833
"T23803A",0.007874015748031496,1,0.0023923444976076554
"C23854A",1,127,0.000027701060623443997
"T23861C",0.007874015748031496,1,0.003194888178913738
"G23948T",1,112,0.0000233710776236956
"C24034T",0.018018018018018018,2,0.00014847809948032666
"T24088A",0.008928571428571428,1,0.00558659217877095
"C24130T",0.017543859649122806,2,0.000025556492626951876
"C24378T",1,105,0.0003784915848704297
"A24424T",1,119,0.00002468083941401465
"T24469A",1,122,0.00002513685161345621
"T24514A",0.007936507936507936,1,0.0011198208286674132
"C24616T",0.008333333333333333,1,0.00019952114924181964
"T24682C",0.008130081300813009,1,0.0020833333333333333
"C24809T",0.03076923076923077,4,0.0013016596160104132
"A24902G",0.015748031496062992,2,0.0015961691939345571
"C24990T",1,111,0.0003950923127849737
"C25000T",1,129,0.000027120434280144836
"T25021C",0.007692307692307693,1,0.0011098779134295228
"A25048G",0.015384615384615385,2,0.002183406113537118
"G25091A",0.015625,2,0.0004757373929590866
"C25207T",0.9904761904761905,104,0.0003657991832829773
"C25276T",0.00819672131147541,1,0.00008883361463977969
"A25438G",0.007692307692307693,1,0.0012853470437017994
"A25495G",0.007692307692307693,1,0.000663129973474801
"G25500C",0.007751937984496124,1,0.0014771048744460858
"C25584T",1,130,0.00002673466319774129
"T25623C",0.007692307692307693,1,0.0006968641114982578
"G25644A",0.015384615384615385,2,0.0010899182561307902
"C25669T",0.007692307692307693,1,0.00012733987011333248
"A25937C",0.007936507936507936,1,0.006756756756756757
"A25937G",0.007936507936507936,1,0.0009285051067780873
"G25971T",0.007936507936507936,1,0.0009082652134423251
"C26060T",1,128,0.000039568970260827524
"C26133T",0.0078125,1,0.0009606147934678194
"T26159-",0.0078125,1,0.000047732696897374704
"T26160-",0.0078125,1,0.000048021513638109875
"A26161-",0.0078125,1,0.000040199388969287666
"C26270T",1,128,0.000026498292102266846
"G26284-",0.0078125,1,0.0023094688221709007
"T26285-",0.007751937984496124,1,0.002320185614849188
"T26286-",0.007751937984496124,1,0.002320185614849188
"T26430C",0.008064516129032258,1,0.002325581395348837
"G26529C",0.9357798165137615,102,0.0003624566029287915
"C26577G",1,125,0.00002729103906373833
"A26610G",1,100,0.00039114295884002645
"C26681T",1,111,0.00028857928000769543
"G26709A",1,127,0.000026556848174708095
"C26750T",0.0078125,1,0.0001986491855383393
"C26833T",1,112,0.00038708651729274453
"C26858T",1,130,0.000059752038233950375
"C26882T",0.023076923076923078,3,0.00020729684908789387
"C26894T",0.007936507936507936,1,0.00004048419092344439
"C26936T",0.038461538461538464,5,0.00042268999915462
"C27199T",0.015384615384615385,2,0.0019249278152069298
"A27259C",1,129,0.00003376278372843206
"G27382C",1,126,0.00005804111245465538
"A27383T",1,126,0.00005896924566634546
"T27384C",0.9920634920634921,125,0.00005719486197964687
"T27401C",0.015873015873015872,2,0.0011648223645894002
"C27406T",0.023809523809523808,3,0.0008870490833826139
"C27434T",0.008,1,0.00004826953709513926
"C27476T",0.184,23,0.00098695502917954
"C27509T",0.031746031746031744,4,0.00028665615594094884
"C27532T",0.007936507936507936,1,0.00003562141559505575
"A27571-",0.007751937984496124,1,0.00001709372489359156
"G27572-",0.007751937984496124,1,0.000017042743199945464
"C27573-",0.007751937984496124,1,0.00001705495105229048
"A27574-",0.007751937984496124,1,0.00001673388108904098
"C27575-",0.007751937984496124,1,0.00001671653767071764
"T27576-",0.007751937984496124,1,0.000016729961688387733
"C27577-",0.007751937984496124,1,0.00001611707442864971
"A27578-",0.007751937984496124,1,0.000015236934328813043
"A27579-",0.007751937984496124,1,0.000013545913875079583
"T27580-",0.015503875968992248,2,0.000027242389157529116
"T27581-",0.007751937984496124,1,0.000013997760358342666
"T27582-",0.007751937984496124,1,0.00001725834009284987
"G27583-",0.0078125,1,0.00001750792233485652
"C27584-",0.007874015748031496,1,0.000017535553334385467
"T27585-",0.007874015748031496,1,0.00001779644427043477
"T27586-",0.007874015748031496,1,0.000018116270222286635
"T27587-",0.007874015748031496,1,0.000019143518961655533
"T27588-",0.007874015748031496,1,0.000018582870310148106
"G27589-",0.007874015748031496,1,0.000018568033273915628
"C27590-",0.007874015748031496,1,0.00001863203592256526
"T27591-",0.007874015748031496,1,0.00001884303749764462
"T27592-",0.007874015748031496,1,0.00001856872284324284
"G27593-",0.007874015748031496,1,0.000018694733693518535
"T27594-",0.007874015748031496,1,0.0000187913409500902
"C27595-",0.007874015748031496,1,0.00001891539145402614
"C27596-",0.007874015748031496,1,0.00001895267517010026
"T27597-",0.007874015748031496,1,0.000018977852845729034
"G27598-",0.007874015748031496,1,0.00001889859016517368
"A27599-",0.007874015748031496,1,0.00001905306277984186
"C27600-",0.007874015748031496,1,0.00001912594434350196
"G27601-",0.007874015748031496,1,0.00001894441708028644
"G27602-",0.007874015748031496,1,0.00001893078903528699
"C27603-",0.007874015748031496,1,0.000018953393605124998
"G27604-",0.007874015748031496,1,0.00001889466225791214
"T27605-",0.007874015748031496,1,0.00001891503366875993
"A27606-",0.007874015748031496,1,0.000019071594766754396
"A27607-",0.007874015748031496,1,0.00002147535702781059
"A27608-",0.007874015748031496,1,0.000021750478510527233
"A27609-",0.007874015748031496,1,0.000021773210242118097
"C27610-",0.007874015748031496,1,0.00002175805047867711
"C27610T",0.007874015748031496,1,0.00003941197335750601
"A27611-",0.007874015748031496,1,0.000021817864467425928
"C27612-",0.007874015748031496,1,0.00002183692186749356
"G27613-",0.007874015748031496,1,0.000021869874248223074
"T27614-",0.007874015748031496,1,0.00002188375350140056
"C27615-",0.007874015748031496,1,0.000021980437410704472
"T27616-",0.007874015748031496,1,0.000021813105313672455
"A27617-",0.007874015748031496,1,0.00002249061017025392
"T27618-",0.007874015748031496,1,0.000022556560575643426
"C27619-",0.007874015748031496,1,0.000023218017181332715
"A27620-",0.007874015748031496,1,0.000030480370641307
"G27621-",0.007874015748031496,1,0.00003077585941587419
"T27622-",0.007874015748031496,1,0.00003262855651265988
"T27623-",0.007874015748031496,1,0.00003341129301703976
"A27624-",0.007874015748031496,1,0.000046352090479280616
"A27675C",0.015748031496062992,2,0.0006146281499692685
"T27682-",0.007874015748031496,1,0.00013113034356150013
"A27683-",0.007874015748031496,1,0.00012815583749839805
"C27684-",0.007874015748031496,1,0.0001288659793814433
"T27685-",0.007874015748031496,1,0.00012993762993762994
"C27686-",0.007874015748031496,1,0.00012856775520699409
"T27687-",0.007874015748031496,1,0.00013313806417254693
"T27687C",0.007874015748031496,1,0.0005271481286241434
"C27688-",0.007874015748031496,1,0.00012768130745658836
"C27689-",0.007874015748031496,1,0.00012919896640826872
"A27690-",0.007874015748031496,1,0.00012951690195570523
"A27691-",0.007874015748031496,1,0.00010849517196484756
"T27692-",0.007874015748031496,1,0.0001088139281828074
"T27692A",0.023622047244094488,3,0.015463917525773196
"T27693-",0.007874015748031496,1,0.00011316057485572027
"T27704C",0.007874015748031496,1,0.002044989775051125
"G27715T",0.007874015748031496,1,0.0012121212121212121
"T27792-",0.015748031496062992,2,0.00007554867223208552
"T27793-",0.015748031496062992,2,0.0000929368029739777
"C27807T",1,127,0.000026528578799278922
"T27810C",0.026785714285714284,3,0.000010852460795485377
"T27901C",0.007751937984496124,1,0.0009199632014719411
"T27931A",0.047619047619047616,6,0.037267080745341616
"T28144C",0.007936507936507936,1,0.00010379904504878556
"C28153T",0.015748031496062992,2,0.00020900825582610512
"A28225G",0.015503875968992248,2,0.0020408163265306124
"A28254-",0.007751937984496124,1,0.000014174947198321686
"C28269T",0.03076923076923077,4,0.00354295837023915
"A28271T",1,130,0.00002688411087007323
"C28289A",0.007692307692307693,1,0.0002871088142405972
"C28289T",0.015384615384615385,2,0.0011961722488038277
"C28311T",1,130,0.000026761702274827037
"G28362-",1,123,0.000025969254935741928
"A28363-",1,122,0.000025714011712521566
"G28364-",1,122,0.00002571441278082194
"A28365-",1,122,0.000025710012553651213
"A28366-",1,122,0.000025710408078968887
"C28367-",1,122,0.000025717426613109776
"G28368-",1,122,0.00002572217645876893
"C28369-",1,121,0.000025532791278504934
"A28370-",1,119,0.000025726047428454567
"C28475A",0.007751937984496124,1,0.0012787723785166241
"C28498T",0.007692307692307693,1,0.00009111617312072893
"C28677T",0.2248062015503876,29,0.0009824181035942951
"G28690A",0.06201550387596899,8,0.01444043321299639
"C28717T",0.007751937984496124,1,0.0003237293622531564
"C28720T",0.0078125,1,0.00007287567409998542
"C28737T",0.015503875968992248,2,0.0004426737494466578
"G28851T",0.0078125,1,0.00010870746820306555
"A28877T",0.03875968992248062,5,0.00005474292721380398
"G28878C",0.03875968992248062,5,0.00005684014278243867
"G28881A",1,129,0.000022764640266625113
"G28882A",1,129,0.000023193750704577602
"G28883C",1,129,0.00002315925651246372
"C28958A",1,113,0.00041325336454066706
"A28989T",0.007751937984496124,1,0.0029239766081871343
"G29000A",0.015503875968992248,2,0.0008861320336730173
"C29077T",0.007751937984496124,1,0.00007658140603461479
"C29149T",0.007751937984496124,1,0.00011648223645894001
"T29233C",0.007692307692307693,1,0.0010183299389002036
"C29284T",0.007692307692307693,1,0.00006386511687316388
"G29462T",0.007874015748031496,1,0.0017211703958691911
"C29466T",0.015748031496062992,2,0.00012352541535420912
"A29510C",1,126,0.00003970422244952364
"C29625T",0.02564102564102564,3,0.00003819077565465355
"C29642T",0.04201680672268908,5,0.00031727901516593693
"G29690T",0.008547008547008548,1,0.0000942951438000943
"A29700G",0.008547008547008548,1,0.0000044178197176129636
"T29728G",0.008620689655172414,1,0.0017921146953405018
"G29734-",0.9772727272727273,86,0.000038112931274407786
"A29735-",0.9772727272727273,86,0.00003806505583612551
"G29736-",0.9772727272727273,86,0.0000380451684626788
"G29737-",0.9772727272727273,86,0.000038008848990401
"C29738-",0.9772727272727273,86,0.00003782733843327961
"C29739-",0.9772727272727273,86,0.00003782451010662114
"A29740-",0.9772727272727273,86,0.00003782342879937442
"C29741-",0.9772727272727273,86,0.00003782421066150146
"G29742-",0.9772727272727273,86,0.00003782238082211782
"C29743-",0.9772727272727273,86,0.00003782065095497144
"G29744-",0.9772727272727273,86,0.00003781920397611761
"G29745-",0.9772727272727273,86,0.000037817308102446205
"A29746-",0.9772727272727273,86,0.00003780929431590017
"G29747-",0.9772727272727273,86,0.000037788494282293235
"T29748-",0.9772727272727273,86,0.000037786833924667995
"A29749-",0.9772727272727273,86,0.00003784181943467842
"C29750-",0.9772727272727273,86,0.000037835726076382414
"G29751-",0.9772727272727273,86,0.00003783068305937614
"A29752-",0.9772727272727273,86,0.00003772098576339819
"T29753-",0.9772727272727273,86,0.000037722739618351145
"C29754-",0.9772727272727273,86,0.000037726131970396394
"G29755-",0.9772727272727273,86,0.00003773189209205353
"A29756-",0.9772727272727273,86,0.000037667257955018284
"G29757-",0.9772727272727273,86,0.00003778358004693072
"T29758-",0.9772727272727273,86,0.00003779387484338614
"G29759-",0.9772727272727273,86,0.00003793119721884934
"C29774G",0.020618556701030927,2,0.0026595744680851063
"C29774T",0.020618556701030927,2,0.00006130456105934282
"C29784T",0.010638297872340425,1,0.00004396570674873599
"T29793A",0.010526315789473684,1,0.0006402048655569782